PassengerId,Survived,Pclass,Sex,SibSp,Parch,Embarked,Cabin_Codes,Title,Total_Members,Age_Group,Fare_Group,Age_Class,fare_per_person,Alone
1,0,3,0,1,0,0,0,0,1,2,0,66,3,0
2,1,1,1,1,0,1,1,2,1,5,3,38,35,0
3,1,3,1,0,0,0,0,1,0,3,0,78,7,1
4,1,1,1,1,0,0,1,2,1,5,3,35,26,0
5,0,3,0,0,0,0,0,0,0,5,1,105,8,1
6,0,3,0,0,0,2,0,0,0,4,1,96,8,1
7,0,1,0,0,0,0,2,0,0,6,3,54,51,1
8,0,3,0,3,1,0,0,3,4,0,2,6,4,0
9,1,3,1,0,2,0,0,2,2,3,1,81,3,0
10,1,2,1,1,0,1,0,2,1,1,2,28,15,0
11,1,3,1,1,1,0,3,1,2,0,2,12,5,0
12,1,1,1,0,0,0,1,1,0,6,2,58,26,1
13,0,3,0,0,0,0,0,0,0,1,1,60,8,1
14,0,3,0,1,5,0,0,0,6,5,2,117,4,0
15,0,3,1,0,0,0,0,1,0,1,0,42,7,1
16,1,2,1,0,0,0,0,2,0,6,2,110,16,1
17,0,3,0,4,1,2,0,3,5,0,2,6,4,0
18,1,2,0,0,0,0,0,0,0,4,1,64,13,1
19,0,3,1,1,0,0,0,2,1,4,2,93,9,0
20,1,3,1,0,0,1,0,2,0,5,0,114,7,1
21,0,2,0,0,0,0,0,0,0,5,2,70,26,1
22,1,2,0,0,0,0,4,0,0,5,1,68,13,1
23,1,3,1,0,0,2,0,1,0,1,1,45,8,1
24,1,1,0,0,0,0,5,0,0,3,3,28,35,1
25,0,3,1,3,1,0,0,1,4,0,2,24,4,0
26,1,3,1,1,5,0,0,2,6,5,2,114,4,0
27,0,3,0,0,0,1,0,0,0,4,0,96,7,1
28,0,1,0,3,2,0,1,0,5,1,3,19,43,0
29,1,3,1,0,0,2,0,1,0,2,0,63,7,1
30,0,3,0,0,0,0,0,0,0,4,0,96,7,1
31,0,1,0,0,0,1,0,4,0,5,2,40,27,1
32,1,1,1,1,0,1,6,2,1,5,3,38,73,0
33,1,3,1,0,0,2,0,1,0,2,0,63,7,1
34,0,2,0,0,0,0,0,0,0,6,1,132,10,1
35,0,1,0,1,0,1,0,0,1,3,3,28,41,0
36,0,1,0,1,0,0,0,0,1,6,3,42,26,0
37,1,3,0,0,0,1,0,0,0,4,0,96,7,1
38,0,3,0,0,0,0,0,0,0,2,1,63,8,1
39,0,3,1,2,0,0,0,1,2,1,2,54,6,0
40,1,3,1,1,0,1,0,1,1,1,1,42,5,0
41,0,3,1,1,0,0,0,2,1,5,1,120,4,0
42,0,2,1,1,0,0,0,2,1,3,2,54,10,0
43,0,3,0,0,0,1,0,0,0,4,0,96,7,1
44,1,2,1,1,2,1,0,1,3,0,3,6,10,0
45,1,3,1,0,0,2,0,1,0,1,0,57,7,1
46,0,3,0,0,0,0,0,0,0,4,1,96,8,1
47,0,3,0,1,0,2,0,0,1,4,2,96,7,0
48,1,3,1,0,0,2,0,1,0,2,0,63,7,1
49,0,3,0,2,0,1,0,0,2,4,2,96,7,0
50,0,3,1,1,0,0,0,2,1,1,2,54,8,0
51,0,3,0,4,1,0,0,3,5,0,3,21,6,0
52,0,3,0,0,0,0,0,0,0,2,0,63,7,1
53,1,1,1,1,0,1,4,2,1,6,3,49,38,0
54,1,2,1,1,0,0,0,2,1,3,2,58,13,0
55,0,1,0,0,1,1,6,0,1,6,3,65,30,0
56,1,1,0,0,0,0,1,0,0,4,3,32,35,1
57,1,2,1,0,0,0,0,1,0,2,1,42,10,1
58,0,3,0,0,0,1,0,0,0,3,0,84,7,1
59,1,2,1,1,2,0,0,1,3,0,2,10,6,0
60,0,3,0,5,2,0,0,3,7,0,3,33,5,0
61,0,3,0,0,0,1,0,0,0,2,0,66,7,1
62,1,1,1,0,0,1,6,1,0,5,3,38,80,1
63,0,1,0,1,0,0,1,0,1,6,3,45,41,0
64,0,3,0,3,2,0,0,3,5,0,2,12,4,0
65,0,1,0,0,0,1,0,0,0,4,2,32,27,1
66,1,3,0,1,1,1,0,3,2,0,2,21,5,0
67,1,2,1,0,0,0,7,2,0,3,1,58,10,1
68,0,3,0,0,0,0,0,0,0,1,1,57,8,1
69,1,3,1,4,2,0,0,1,6,1,0,51,1,0
70,0,3,0,2,0,0,0,0,2,3,1,78,2,0
71,0,2,0,0,0,0,0,0,0,4,1,64,10,1
72,0,3,1,5,2,0,0,1,7,1,3,48,5,0
73,0,2,0,0,0,0,0,0,0,2,3,42,73,1
74,0,3,0,1,0,1,0,0,1,3,1,78,7,0
75,1,3,0,0,0,0,0,0,0,4,3,96,56,1
76,0,3,0,0,0,0,7,0,0,3,0,75,7,1
77,0,3,0,0,0,0,0,0,0,4,0,96,7,1
78,0,3,0,0,0,0,0,0,0,4,1,96,8,1
79,1,2,0,0,2,0,0,3,2,0,2,0,9,0
80,1,3,1,0,0,0,0,1,0,3,1,90,12,1
81,0,3,0,0,0,0,0,0,0,2,1,66,9,1
82,1,3,0,0,0,0,0,0,0,3,1,87,9,1
83,1,3,1,0,0,2,0,1,0,2,0,63,7,1
84,0,1,0,0,0,0,0,0,0,3,3,28,47,1
85,1,2,1,0,0,0,0,1,0,1,1,34,10,1
86,1,3,1,3,0,0,0,2,3,5,2,99,3,0
87,0,3,0,1,3,0,0,0,4,1,3,48,6,0
88,0,3,0,0,0,0,0,0,0,4,1,96,8,1
89,1,1,1,3,2,0,1,1,5,2,3,23,43,0
90,0,3,0,0,0,0,0,0,0,2,1,72,8,1
91,0,3,0,0,0,0,0,0,0,3,1,87,8,1
92,0,3,0,0,0,0,0,0,0,1,0,60,7,1
93,0,1,0,1,0,0,2,0,1,6,3,46,30,0
94,0,3,0,1,2,0,0,0,3,3,2,78,5,0
95,0,3,0,0,0,0,0,0,0,6,0,177,7,1
96,0,3,0,0,0,0,0,0,0,4,1,96,8,1
97,0,1,0,0,0,1,5,0,0,7,3,71,34,1
98,1,1,0,0,1,1,4,0,1,2,3,23,31,0
99,1,2,1,0,1,0,0,2,1,5,2,68,11,0
100,0,2,0,1,0,0,0,0,1,5,2,68,13,0
101,0,3,1,0,0,0,0,1,0,3,0,84,7,1
102,0,3,0,0,0,0,0,0,0,4,0,96,7,1
103,0,1,0,0,1,0,4,0,1,2,3,21,38,0
104,0,3,0,0,0,0,0,0,0,5,1,99,8,1
105,0,3,0,2,0,0,0,0,2,5,0,111,2,0
106,0,3,0,0,0,0,0,0,0,3,0,84,7,1
107,1,3,1,0,0,0,0,1,0,2,0,63,7,1
108,1,3,0,0,0,0,0,0,0,4,0,96,7,1
109,0,3,0,0,0,0,0,0,0,5,0,114,7,1
110,1,3,1,1,0,2,0,1,1,2,2,63,12,0
111,0,1,0,0,0,0,1,0,0,6,3,47,52,1
112,0,3,1,1,0,1,0,1,1,1,1,42,7,0
113,0,3,0,0,0,0,0,0,0,2,1,66,8,1
114,0,3,1,1,0,0,0,1,1,1,1,60,4,0
115,0,3,1,0,0,1,0,1,0,1,1,51,14,1
116,0,3,0,0,0,0,0,0,0,2,0,63,7,1
117,0,3,0,0,0,2,0,0,0,7,0,210,7,1
118,0,2,0,1,0,0,0,0,1,3,2,58,10,0
119,0,1,0,0,1,1,6,0,1,2,3,24,123,0
120,0,3,1,4,2,0,0,1,6,0,2,6,4,0
121,0,2,0,2,0,0,0,0,2,2,3,42,24,0
122,0,3,0,0,0,0,0,0,0,4,1,96,8,1
123,0,2,0,1,0,1,0,0,1,4,2,64,15,0
124,1,2,1,0,0,0,2,1,0,4,1,64,13,1
125,0,1,0,0,1,0,4,0,1,6,3,54,38,0
126,1,3,0,1,0,1,0,3,1,1,1,36,5,0
127,0,3,0,0,0,2,0,0,0,4,0,96,7,1
128,1,3,0,0,0,0,0,0,0,2,0,72,7,1
129,1,3,1,1,1,1,7,1,2,2,2,63,7,0
130,0,3,0,0,0,0,0,0,0,6,0,135,6,1
131,0,3,0,0,0,1,0,0,0,5,0,99,7,1
132,0,3,0,0,0,0,0,0,0,1,0,60,7,1
133,0,3,1,1,0,0,0,2,1,6,1,141,7,0
134,1,2,1,1,0,0,0,2,1,3,2,58,13,0
135,0,2,0,0,0,0,0,0,0,3,1,50,13,1
136,0,2,0,0,0,1,0,0,0,2,2,46,15,1
137,1,1,1,0,2,0,4,1,2,1,2,19,8,0
138,0,1,0,1,0,0,1,0,1,5,3,37,26,0
139,0,3,0,0,0,0,0,0,0,1,1,48,9,1
140,0,1,0,0,0,1,6,0,0,2,3,24,79,1
141,0,3,1,0,2,1,0,2,2,5,2,114,5,0
142,1,3,1,0,0,0,0,1,0,2,0,66,7,1
143,1,3,1,1,0,0,0,2,1,2,2,72,7,0
144,0,3,0,0,0,2,0,0,0,1,0,57,6,1
145,0,2,0,0,0,0,0,0,0,1,1,36,11,1
146,0,2,0,1,1,0,0,0,2,1,3,38,12,0
147,1,3,0,0,0,0,0,0,0,3,0,81,7,1
148,0,3,1,2,2,0,0,1,4,0,3,27,6,0
149,0,2,0,0,2,0,7,0,2,5,2,72,8,0
150,0,2,0,0,0,0,0,4,0,6,1,84,13,1
151,0,2,0,0,0,0,0,4,0,6,1,102,12,1
152,1,1,1,1,0,0,1,2,1,2,3,22,33,0
153,0,3,0,0,0,0,0,0,0,6,1,165,8,1
154,0,3,0,0,2,0,0,0,2,5,1,120,4,0
155,0,3,0,0,0,0,0,0,0,4,0,96,7,1
156,0,1,0,0,1,1,0,0,1,6,3,51,30,0
157,1,3,1,0,0,2,0,1,0,1,0,48,7,1
158,0,3,0,0,0,0,0,0,0,3,1,90,8,1
159,0,3,0,0,0,0,0,0,0,4,1,96,8,1
160,0,3,0,8,2,0,0,3,10,0,3,21,6,0
161,0,3,0,0,1,0,0,0,1,6,2,132,8,0
162,1,2,1,0,0,0,0,2,0,5,2,80,15,1
163,0,3,0,0,0,0,0,0,0,3,0,78,7,1
164,0,3,0,0,0,0,0,0,0,1,1,51,8,1
165,0,3,0,4,1,0,0,3,5,0,3,3,6,0
166,1,3,0,0,2,0,0,3,2,0,2,27,6,0
167,1,1,1,0,1,0,2,2,1,5,3,38,27,0
168,0,3,1,1,4,0,0,2,5,6,2,135,4,0
169,0,1,0,0,0,0,0,0,0,4,2,32,25,1
170,0,3,0,0,0,0,0,0,0,3,3,84,56,1
171,0,1,0,0,0,0,6,0,0,6,3,61,33,1
172,0,3,0,4,1,2,0,3,5,0,2,12,4,0
173,1,3,1,1,1,0,0,1,2,0,1,3,3,0
174,0,3,0,0,0,0,0,0,0,2,0,63,7,1
175,0,1,0,0,0,1,5,0,0,6,2,56,30,1
176,0,3,0,1,1,0,0,0,2,1,0,54,2,0
177,0,3,0,3,1,0,0,3,4,0,2,21,5,0
178,0,1,1,0,0,1,1,1,0,6,2,50,28,1
179,0,2,0,0,0,0,0,0,0,3,1,60,13,1
180,0,3,0,0,0,0,0,0,0,5,0,108,0,1
181,0,3,1,8,2,0,0,1,10,2,3,63,6,0
182,0,2,0,0,0,1,0,0,0,4,2,64,15,1
183,0,3,0,4,2,0,0,3,6,0,2,27,4,0
184,1,2,0,2,1,0,7,3,3,0,3,2,9,0
185,1,3,1,0,2,0,0,1,2,0,2,12,7,0
186,0,1,0,0,0,0,5,0,0,4,3,32,50,1
187,1,3,1,1,0,2,0,2,1,5,2,114,7,0
188,1,1,0,0,0,0,0,0,0,6,2,45,26,1
189,0,3,0,1,1,2,0,0,2,5,2,120,5,0
190,0,3,0,0,0,0,0,0,0,5,0,108,7,1
191,1,2,1,0,0,0,0,2,0,4,1,64,13,1
192,0,2,0,0,0,0,0,0,0,1,1,38,13,1
193,1,3,1,1,0,0,0,1,1,1,0,57,3,0
194,1,2,0,1,1,0,7,3,2,0,2,6,8,0
195,1,1,1,0,0,1,6,2,0,6,2,44,27,1
196,1,1,1,0,0,1,6,1,0,6,3,58,146,1
197,0,3,0,0,0,2,0,0,0,4,0,96,7,1
198,0,3,0,0,1,0,0,0,1,6,1,126,4,0
199,1,3,1,0,0,2,0,1,0,2,0,63,7,1
200,0,2,1,0,0,0,0,2,0,2,1,48,13,1
201,0,3,0,0,0,0,0,0,0,3,1,84,9,1
202,0,3,0,8,2,0,0,0,10,4,3,96,6,0
203,0,3,0,0,0,0,0,0,0,5,0,102,6,1
204,0,3,0,0,0,1,0,0,0,6,0,135,7,1
205,1,3,0,0,0,0,0,0,0,1,1,54,8,1
206,0,3,1,0,1,0,3,1,1,0,1,6,5,0
207,0,3,0,1,0,0,0,0,1,4,2,96,7,0
208,1,3,0,0,0,1,0,0,0,3,2,78,18,1
209,1,3,1,0,0,2,0,1,0,1,0,48,7,1
210,1,1,0,0,0,1,5,0,0,5,2,40,31,1
211,0,3,0,0,0,0,0,0,0,2,0,72,7,1
212,1,2,1,0,0,0,0,1,0,5,2,70,21,1
213,0,3,0,0,0,0,0,0,0,2,0,66,7,1
214,0,2,0,0,0,0,0,0,0,3,1,60,13,1
215,0,3,0,1,0,2,0,0,1,4,0,96,3,0
216,1,1,1,1,0,1,4,1,1,4,3,31,56,0
217,1,3,1,0,0,0,0,1,0,3,0,81,7,1
218,0,2,0,1,0,0,0,0,1,6,2,84,13,0
219,1,1,1,0,0,1,4,1,0,4,3,32,76,1
220,0,2,0,0,0,0,0,0,0,3,1,60,10,1
221,1,3,0,0,0,0,0,0,0,1,1,48,8,1
222,0,2,0,0,0,0,0,0,0,3,1,54,13,1
223,0,3,0,0,0,0,0,0,0,6,1,153,8,1
224,0,3,0,0,0,0,0,0,0,4,0,96,7,1
225,1,1,0,1,0,0,1,0,1,5,3,38,45,0
226,0,3,0,0,0,0,0,0,0,2,1,66,9,1
227,1,2,0,0,0,0,0,0,0,1,1,38,10,1
228,0,3,0,0,0,0,0,0,0,1,0,60,7,1
229,0,2,0,0,0,0,0,0,0,1,1,36,13,1
230,0,3,1,3,1,0,0,1,4,2,2,63,5,0
231,1,1,1,1,0,0,1,2,1,5,3,35,41,0
232,0,3,0,0,0,0,0,0,0,3,0,87,7,1
233,0,2,0,0,0,0,0,0,0,6,1,118,13,1
234,1,3,1,4,2,0,0,1,6,0,2,15,4,0
235,0,2,0,0,0,0,0,0,0,2,1,48,10,1
236,0,3,1,0,0,0,0,1,0,2,0,63,7,1
237,0,2,0,1,0,0,0,0,1,6,2,88,13,0
238,1,2,1,0,2,0,0,1,2,0,2,16,8,0
239,0,2,0,0,0,0,0,0,0,1,1,38,10,1
240,0,2,0,0,0,0,0,0,0,5,1,66,12,1
241,0,3,1,1,0,1,0,1,1,2,1,63,7,0
242,1,3,1,1,0,2,0,1,1,2,2,63,7,0
243,0,2,0,0,0,0,0,0,0,3,1,58,10,1
244,0,3,0,0,0,0,0,0,0,2,0,66,7,1
245,0,3,0,0,0,1,0,0,0,3,0,90,7,1
246,0,1,0,2,0,2,1,4,2,6,3,44,30,0
247,0,3,1,0,0,0,0,1,0,3,0,75,7,1
248,1,2,1,0,2,0,0,2,2,2,1,48,4,0
249,1,1,0,1,1,0,4,0,2,5,3,37,17,0
250,0,2,0,1,0,0,0,4,1,6,2,108,13,0
251,0,3,0,0,0,0,0,0,0,4,0,96,7,1
252,0,3,1,1,1,0,3,2,2,3,1,87,3,0
253,0,1,0,0,0,0,1,0,0,6,2,62,26,1
254,0,3,0,1,0,0,0,0,1,3,2,90,8,0
255,0,3,1,0,2,0,0,2,2,6,2,123,6,0
256,1,3,1,0,2,1,0,2,2,3,2,87,5,0
257,1,1,1,0,0,1,0,2,0,5,3,38,79,1
258,1,1,1,0,0,0,6,1,0,3,3,30,86,1
259,1,1,1,0,0,1,0,1,0,5,3,35,512,1
260,1,2,1,0,1,0,0,2,1,6,2,100,13,0
261,0,3,0,0,0,2,0,0,0,4,0,96,7,1
262,1,3,0,4,2,0,0,3,6,0,2,9,4,0
263,0,1,0,1,1,0,2,0,2,6,3,52,26,0
264,0,1,0,0,0,0,6,0,0,5,0,40,0,1
265,0,3,1,0,0,2,0,1,0,2,0,63,7,1
266,0,2,0,0,0,0,0,0,0,5,1,72,10,1
267,0,3,0,4,1,0,0,0,5,1,3,48,6,0
268,1,3,0,1,0,0,0,0,1,3,0,75,3,0
269,1,1,1,0,1,0,1,2,1,6,3,58,76,0
270,1,1,1,0,0,0,1,1,0,5,3,35,135,1
271,0,1,0,0,0,0,0,0,0,4,2,32,31,1
272,1,3,0,0,0,0,0,0,0,3,0,75,0,1
273,1,2,1,0,1,0,0,2,1,6,2,82,9,0
274,0,1,0,0,1,1,1,0,1,5,2,37,14,0
275,1,3,1,0,0,2,0,1,0,2,0,63,7,1
276,1,1,1,1,0,0,4,1,1,6,3,63,38,0
277,0,3,1,0,0,0,0,1,0,6,0,135,7,1
278,0,2,0,0,0,0,0,0,0,4,0,64,0,1
279,0,3,0,4,1,2,0,3,5,0,2,21,4,0
280,1,3,1,1,1,0,0,2,2,5,2,105,6,0
281,0,3,0,0,0,2,0,0,0,6,0,195,7,1
282,0,3,0,0,0,0,0,0,0,3,0,84,7,1
283,0,3,0,0,0,0,0,0,0,1,1,48,9,1
284,1,3,0,0,0,0,0,0,0,1,1,57,8,1
285,0,1,0,0,0,0,5,0,0,4,2,32,26,1
286,0,3,0,0,0,1,0,0,0,5,1,99,8,1
287,1,3,0,0,0,0,0,0,0,3,1,90,9,1
288,0,3,0,0,0,0,0,0,0,2,0,66,7,1
289,1,2,0,0,0,0,0,0,0,6,1,84,13,1
290,1,3,1,0,0,2,0,1,0,2,0,66,7,1
291,1,1,1,0,0,0,0,1,0,3,3,26,78,1
292,1,1,1,1,0,1,6,2,1,1,3,19,45,0
293,0,2,0,0,0,1,4,0,0,5,1,72,12,1
294,0,3,1,0,0,0,0,1,0,2,1,72,8,1
295,0,3,0,0,0,0,0,0,0,2,0,72,7,1
296,0,1,0,0,0,1,0,0,0,4,2,32,27,1
297,0,3,0,0,0,1,0,0,0,2,0,69,7,1
298,0,1,1,1,2,0,1,1,3,0,3,2,37,0
299,1,1,0,0,0,0,1,0,0,4,2,32,30,1
300,1,1,1,0,1,1,6,2,1,6,3,50,123,0
301,1,3,1,0,0,2,0,1,0,2,0,63,7,1
302,1,3,0,2,0,2,0,0,2,4,2,96,7,0
303,0,3,0,0,0,0,0,0,0,1,0,57,0,1
304,1,2,1,0,0,2,2,1,0,2,1,42,12,1
305,0,3,0,0,0,0,0,0,0,4,1,96,8,1
306,1,1,0,1,2,0,1,3,3,0,3,0,37,0
307,1,1,1,0,0,1,0,1,0,2,3,21,110,1
308,1,1,1,1,0,1,1,2,1,1,3,17,54,0
309,0,2,0,1,0,1,0,0,1,3,2,60,12,0
310,1,1,1,0,0,1,2,1,0,3,3,30,56,1
311,1,1,1,0,0,1,1,1,0,2,3,24,83,1
312,1,1,1,2,2,1,6,1,4,1,3,18,52,0
313,0,2,1,1,1,0,0,2,2,3,2,52,8,0
314,0,3,0,0,0,0,0,0,0,3,0,84,7,1
315,0,2,0,1,1,0,0,0,2,6,2,86,8,0
316,1,3,1,0,0,0,0,1,0,3,0,78,7,1
317,1,2,1,1,0,0,0,2,1,2,2,48,13,0
318,0,2,0,0,0,0,0,4,0,6,1,108,14,1
319,1,1,1,0,2,0,1,1,2,4,3,31,54,0
320,1,1,1,1,1,1,2,2,2,5,3,40,44,0
321,0,3,0,0,0,0,0,0,0,2,0,66,7,1
322,0,3,0,0,0,0,0,0,0,3,0,81,7,1
323,1,2,1,0,0,2,0,1,0,3,1,60,12,1
324,1,2,1,1,1,0,0,2,2,2,2,44,9,0
325,0,3,0,8,2,0,0,0,10,4,3,96,6,0
326,1,1,1,0,0,1,1,1,0,5,3,36,135,1
327,0,3,0,0,0,0,0,0,0,6,0,183,6,1
328,1,2,1,0,0,0,4,2,0,5,1,72,13,1
329,1,3,1,1,1,0,0,2,2,4,2,93,6,0
330,1,1,1,0,1,1,6,1,1,1,3,16,28,0
331,1,3,1,2,0,2,0,1,2,2,2,63,7,0
332,0,1,0,0,0,0,1,0,0,6,2,45,28,1
333,0,1,0,0,1,0,1,0,1,5,3,38,76,0
334,0,3,0,2,0,0,0,0,2,1,2,48,6,0
335,1,1,1,1,0,0,0,2,1,5,3,38,66,0
336,0,3,0,0,0,0,0,0,0,4,0,96,7,1
337,0,1,0,1,0,0,1,0,1,3,3,29,33,0
338,1,1,1,0,0,1,2,1,0,6,3,41,134,1
339,1,3,0,0,0,0,0,0,0,6,1,135,8,1
340,0,1,0,0,0,0,8,0,0,6,3,45,35,1
341,1,2,0,1,1,0,7,3,2,0,2,4,8,0
342,1,1,1,3,2,0,1,1,5,2,3,24,43,0
343,0,2,0,0,0,0,0,0,0,3,1,56,13,1
344,0,2,0,0,0,0,0,0,0,3,1,50,13,1
345,0,2,0,0,0,0,0,0,0,5,1,72,13,1
346,1,2,1,0,0,0,7,1,0,2,1,48,13,1
347,1,2,1,0,0,0,0,1,0,5,1,80,13,1
348,1,3,1,1,0,0,0,2,1,5,2,114,8,0
349,1,3,0,1,1,0,0,3,2,0,2,9,5,0
350,0,3,0,0,0,0,0,0,0,6,1,126,8,1
351,0,3,0,0,0,0,0,0,0,2,1,69,9,1
352,0,1,0,0,0,0,1,0,0,4,3,32,35,1
353,0,3,0,1,1,1,0,0,2,1,0,45,2,0
354,0,3,0,1,0,0,0,0,1,3,2,75,8,0
355,0,3,0,0,0,1,0,0,0,4,0,96,7,1
356,0,3,0,0,0,0,0,0,0,3,1,84,9,1
357,1,1,1,0,1,0,2,1,1,2,3,22,27,0
358,0,2,1,0,0,0,0,1,0,5,1,76,13,1
359,1,3,1,0,0,2,0,1,0,2,0,63,7,1
360,1,3,1,0,0,2,0,1,0,2,0,63,7,1
361,0,3,0,1,4,0,0,0,5,5,2,120,4,0
362,0,2,0,1,0,1,0,0,1,3,2,58,13,0
363,0,3,1,0,1,1,0,2,1,6,1,135,7,0
364,0,3,0,0,0,0,0,0,0,5,0,105,7,1
365,0,3,0,1,0,2,0,0,1,4,2,96,7,0
366,0,3,0,0,0,0,0,0,0,3,0,90,7,1
367,1,1,1,1,0,1,4,2,1,6,3,60,37,0
368,1,3,1,0,0,1,0,2,0,5,0,114,7,1
369,1,3,1,0,0,2,0,1,0,2,0,63,7,1
370,1,1,1,0,0,1,6,1,0,2,3,24,69,1
371,1,1,0,1,0,1,2,0,1,3,3,25,27,0
372,0,3,0,1,0,0,0,0,1,1,0,54,3,0
373,0,3,0,0,0,0,0,0,0,1,1,57,8,1
374,0,1,0,0,0,1,0,0,0,2,3,22,135,1
375,0,3,1,3,1,0,0,1,4,0,2,9,4,0
376,1,1,1,1,0,1,0,2,1,5,3,38,41,0
377,1,3,1,0,0,0,0,1,0,2,0,66,7,1
378,0,1,0,0,2,1,1,0,2,3,3,27,70,0
379,0,3,0,0,0,1,0,0,0,1,0,60,4,1
380,0,3,0,0,0,0,0,0,0,1,0,57,7,1
381,1,1,1,0,0,1,0,1,0,6,3,42,227,1
382,1,3,1,0,2,1,0,1,2,0,2,3,5,0
383,0,3,0,0,0,0,0,0,0,4,0,96,7,1
384,1,1,1,1,0,0,0,2,1,5,3,35,26,0
385,0,3,0,0,0,0,0,0,0,4,0,96,7,1
386,0,2,0,0,0,0,0,0,0,1,3,36,73,1
387,0,3,0,5,2,0,0,3,7,0,3,3,5,0
388,1,2,1,0,0,0,0,1,0,5,1,72,13,1
389,0,3,0,0,0,2,0,0,0,4,0,96,7,1
390,1,2,1,0,0,1,0,1,0,1,1,34,12,1
391,1,1,0,1,2,0,6,0,3,5,3,36,30,0
392,1,3,0,0,0,0,0,0,0,2,0,63,7,1
393,0,3,0,2,0,0,0,0,2,3,0,84,2,0
394,1,1,1,1,0,1,4,1,1,2,3,23,56,0
395,1,3,1,0,2,0,3,2,2,2,2,72,5,0
396,0,3,0,0,0,0,0,0,0,2,0,66,7,1
397,0,3,1,0,0,0,0,1,0,4,0,93,7,1
398,0,2,0,0,0,0,0,0,0,6,2,92,26,1
399,0,2,0,0,0,0,0,4,0,2,1,46,10,1
400,1,2,1,0,0,0,0,2,0,3,1,56,12,1
401,1,3,0,0,0,0,0,0,0,5,0,117,7,1
402,0,3,0,0,0,0,0,0,0,3,1,78,8,1
403,0,3,1,1,0,0,0,1,1,2,1,63,4,0
404,0,3,0,1,0,0,0,0,1,3,2,84,7,0
405,0,3,1,0,0,0,0,1,0,1,1,60,8,1
406,0,2,0,1,0,0,0,0,1,5,2,68,10,0
407,0,3,0,0,0,0,0,0,0,6,0,153,7,1
408,1,2,0,1,1,0,0,3,2,0,2,6,6,0
409,0,3,0,0,0,0,0,0,0,2,0,63,7,1
410,0,3,1,3,1,0,0,1,4,2,2,63,5,0
411,0,3,0,0,0,0,0,0,0,4,0,96,7,1
412,0,3,0,0,0,2,0,0,0,4,0,96,6,1
413,1,1,1,1,0,2,1,1,1,5,3,33,45,0
414,0,2,0,0,0,0,0,0,0,4,0,64,0,1
415,1,3,0,0,0,0,0,0,0,6,0,132,7,1
416,0,3,1,0,0,0,0,2,0,5,1,114,8,1
417,1,2,1,1,1,0,0,2,2,5,3,68,10,0
418,1,2,1,0,2,0,0,1,2,1,1,36,4,0
419,0,2,0,0,0,0,0,0,0,3,1,60,13,1
420,0,3,1,0,2,0,0,1,2,0,2,30,8,0
421,0,3,0,0,0,1,0,0,0,4,0,96,7,1
422,0,3,0,0,0,2,0,0,0,2,0,63,7,1
423,0,3,0,0,0,0,0,0,0,3,0,87,7,1
424,0,3,1,1,1,0,0,2,2,3,1,84,4,0
425,0,3,0,1,1,0,0,0,2,1,2,54,6,0
426,0,3,0,0,0,0,0,0,0,4,0,96,7,1
427,1,2,1,1,0,0,0,2,1,3,2,56,13,0
428,1,2,1,0,0,0,0,2,0,1,2,38,26,1
429,0,3,0,0,0,2,0,0,0,4,0,96,7,1
430,1,3,0,0,0,0,2,0,0,4,1,96,8,1
431,1,1,0,0,0,0,1,0,0,3,2,28,26,1
432,1,3,1,1,0,0,0,2,1,5,2,114,8,0
433,1,2,1,1,0,0,0,2,1,6,2,84,13,0
434,0,3,0,0,0,0,0,0,0,1,0,51,7,1
435,0,1,0,1,0,0,2,0,1,6,3,50,27,0
436,1,1,1,1,2,0,6,1,3,1,3,14,30,0
437,0,3,1,2,2,0,0,1,4,2,3,63,6,0
438,1,2,1,2,3,0,0,2,5,2,2,48,3,0
439,0,1,0,1,4,0,1,0,5,6,3,64,43,0
440,0,2,0,0,0,0,0,0,0,4,1,62,10,1
441,1,2,1,1,1,0,0,2,2,6,2,90,8,0
442,0,3,0,0,0,0,0,0,0,1,1,60,9,1
443,0,3,0,1,0,0,0,0,1,3,0,75,3,0
444,1,2,1,0,0,0,0,1,0,3,1,56,13,1
445,1,3,0,0,0,0,0,0,0,4,1,96,8,1
446,1,1,0,0,2,0,5,3,2,0,3,4,27,0
447,1,2,1,0,1,0,0,1,1,1,2,26,9,0
448,1,1,0,0,0,0,0,0,0,5,2,34,26,1
449,1,3,1,2,1,1,0,1,3,0,2,15,4,0
450,1,1,0,0,0,0,1,4,0,6,2,52,30,1
451,0,2,0,1,2,0,0,0,3,5,2,72,6,0
452,0,3,0,1,0,0,0,0,1,4,2,96,9,0
453,0,1,0,0,0,1,1,0,0,3,2,30,27,1
454,1,1,0,1,0,1,1,0,1,6,3,49,44,0
455,0,3,0,0,0,0,0,0,0,4,1,96,8,1
456,1,3,0,0,0,1,0,0,0,3,0,87,7,1
457,0,1,0,0,0,0,2,0,0,6,2,65,26,1
458,1,1,1,1,0,0,4,2,1,5,3,38,25,0
459,1,2,1,0,0,0,0,1,0,6,1,100,10,1
460,0,3,0,0,0,2,0,0,0,4,0,96,7,1
461,1,1,0,0,0,0,2,0,0,6,2,48,26,1
462,0,3,0,0,0,0,0,0,0,5,1,102,8,1
463,0,1,0,0,0,0,2,0,0,6,3,47,38,1
464,0,2,0,0,0,0,0,0,0,6,1,96,13,1
465,0,3,0,0,0,0,0,0,0,4,1,96,8,1
466,0,3,0,0,0,0,0,0,0,5,0,114,7,1
467,0,2,0,0,0,0,0,0,0,4,0,64,0,1
468,0,1,0,0,0,0,0,0,0,6,2,56,26,1
469,0,3,0,0,0,2,0,0,0,4,0,96,7,1
470,1,3,1,2,1,1,0,1,3,0,2,0,4,0
471,0,3,0,0,0,0,0,0,0,4,0,96,7,1
472,0,3,0,0,0,0,0,0,0,5,1,114,8,1
473,1,2,1,1,2,0,0,2,3,5,2,66,6,0
474,1,2,1,0,0,1,4,2,0,2,1,46,13,1
475,0,3,1,0,0,0,0,1,0,2,1,66,9,1
476,0,1,0,0,0,0,5,0,0,4,3,32,52,1
477,0,2,0,1,0,0,0,0,1,5,2,68,10,0
478,0,3,0,1,0,0,0,0,1,3,0,87,3,0
479,0,3,0,0,0,0,0,0,0,2,0,66,7,1
480,1,3,1,0,1,0,0,1,1,0,1,6,6,0
481,0,3,0,5,2,0,0,3,7,0,3,27,5,0
482,0,2,0,0,0,0,0,0,0,4,0,64,0,1
483,0,3,0,0,0,0,0,0,0,6,1,150,8,1
484,1,3,1,0,0,0,0,2,0,6,1,189,9,1
485,1,1,0,1,0,1,6,0,1,3,3,25,45,0
486,0,3,1,3,1,0,0,1,4,2,2,63,5,0
487,1,1,1,1,0,0,1,2,1,5,3,35,45,0
488,0,1,0,0,0,1,6,0,0,6,2,58,29,1
489,0,3,0,0,0,0,0,0,0,3,1,90,8,1
490,1,3,0,1,1,0,0,3,2,0,2,27,5,0
491,0,3,0,1,0,0,0,0,1,4,2,96,9,0
492,0,3,0,0,0,0,0,0,0,2,0,63,7,1
493,0,1,0,0,0,0,1,0,0,6,2,55,30,1
494,0,1,0,0,0,1,0,0,0,7,3,71,49,1
495,0,3,0,0,0,0,0,0,0,2,1,63,8,1
496,0,3,0,0,0,1,0,0,0,4,1,96,14,1
497,1,1,1,1,0,1,4,1,1,6,3,54,39,0
498,0,3,0,0,0,0,0,0,0,4,2,96,15,1
499,0,1,1,1,2,0,1,2,3,3,3,25,37,0
500,0,3,0,0,0,0,0,0,0,2,0,72,7,1
501,0,3,0,0,0,0,0,0,0,1,1,51,8,1
502,0,3,1,0,0,2,0,1,0,2,0,63,7,1
503,0,3,1,0,0,2,0,1,0,2,0,63,7,1
504,0,3,1,0,0,0,0,1,0,5,1,111,9,1
505,1,1,1,0,0,0,6,1,0,1,3,16,86,1
506,0,1,0,1,0,1,1,0,1,1,3,18,54,0
507,1,2,1,0,2,0,0,2,2,5,2,66,8,0
508,1,1,0,0,0,0,0,0,0,4,2,32,26,1
509,0,3,0,0,0,0,0,0,0,3,2,84,22,1
510,1,3,0,0,0,0,0,0,0,3,3,78,56,1
511,1,3,0,0,0,2,0,0,0,3,0,87,7,1
512,0,3,0,0,0,0,0,0,0,4,1,96,8,1
513,1,1,0,0,0,0,2,0,0,5,2,36,26,1
514,1,1,1,1,0,1,0,2,1,6,3,54,29,0
515,0,3,0,0,0,0,0,0,0,2,0,72,7,1
516,0,1,0,0,0,0,4,0,0,6,3,47,34,1
517,1,2,1,0,0,0,7,2,0,5,1,68,10,1
518,0,3,0,0,0,2,0,0,0,4,2,96,24,1
519,1,2,1,1,0,0,0,2,1,5,2,72,13,0
520,0,3,0,0,0,0,0,0,0,4,0,96,7,1
521,1,1,1,0,0,0,6,1,0,3,3,30,93,1
522,0,3,0,0,0,0,0,0,0,2,0,66,7,1
523,0,3,0,0,0,1,0,0,0,4,0,96,7,1
524,1,1,1,0,1,1,6,2,1,6,3,44,28,0
525,0,3,0,0,0,1,0,0,0,4,0,96,7,1
526,0,3,0,0,0,2,0,0,0,5,0,120,7,1
527,1,2,1,0,0,0,0,1,0,6,1,100,10,1
528,0,1,0,0,0,0,1,0,0,4,3,32,221,1
529,0,3,0,0,0,0,0,0,0,5,0,117,7,1
530,0,2,0,2,1,0,0,0,3,2,1,46,2,0
531,1,2,1,1,1,0,0,1,2,0,2,4,8,0
532,0,3,0,0,0,1,0,0,0,4,0,96,7,1
533,0,3,0,1,1,1,0,0,2,1,0,51,2,0
534,1,3,1,0,2,1,0,2,2,5,2,114,7,0
535,0,3,1,0,0,0,0,1,0,3,1,90,8,1
536,1,2,1,0,2,0,0,1,2,0,2,14,8,0
537,0,1,0,0,0,0,6,4,0,6,2,45,26,1
538,1,1,1,0,0,1,0,1,0,3,3,30,106,1
539,0,3,0,0,0,0,0,0,0,4,1,96,14,1
540,1,1,1,0,2,1,6,1,2,2,3,22,16,0
541,1,1,1,0,2,0,6,1,2,5,3,36,23,0
542,0,3,1,4,2,0,0,1,6,0,2,27,4,0
543,0,3,1,4,2,0,0,1,6,0,2,33,4,0
544,1,2,0,1,0,0,0,0,1,4,2,64,13,0
545,0,1,0,1,0,1,1,0,1,6,3,50,53,0
546,0,1,0,0,0,0,0,0,0,6,2,64,26,1
547,1,2,1,1,0,0,0,2,1,1,2,38,13,0
548,1,2,0,0,0,1,0,0,0,4,1,64,13,1
549,0,3,0,1,1,0,0,0,2,5,2,99,6,0
550,1,2,0,1,1,0,0,3,2,0,3,16,12,0
551,1,1,0,0,2,1,1,0,2,1,3,17,36,0
552,0,2,0,0,0,0,0,0,0,3,2,54,26,1
553,0,3,0,0,0,2,0,0,0,4,0,96,7,1
554,1,3,0,0,0,1,0,0,0,2,0,66,7,1
555,1,3,1,0,0,0,0,1,0,2,0,66,7,1
556,0,1,0,0,0,0,0,0,0,6,2,62,26,1
557,1,1,1,1,0,1,5,2,1,6,3,48,19,0
558,0,1,0,0,0,1,0,0,0,4,3,32,227,1
559,1,1,1,1,1,0,2,2,2,5,3,39,26,0
560,1,3,1,1,0,0,0,2,1,5,2,108,8,0
561,0,3,0,0,0,2,0,0,0,4,0,96,7,1
562,0,3,0,0,0,0,0,0,0,5,0,120,7,1
563,0,2,0,0,0,0,0,0,0,3,1,56,13,1
564,0,3,0,0,0,0,0,0,0,4,1,96,8,1
565,0,3,1,0,0,0,0,1,0,2,1,63,8,1
566,0,3,0,2,0,0,0,0,2,2,2,72,8,0
567,0,3,0,0,0,0,0,0,0,1,0,57,7,1
568,0,3,1,0,4,0,0,2,4,3,2,87,4,0
569,0,3,0,0,0,1,0,0,0,4,0,96,7,1
570,1,3,0,0,0,0,0,0,0,4,0,96,7,1
571,1,2,0,0,0,0,0,0,0,6,1,124,10,1
572,1,1,1,2,0,0,1,2,2,6,3,53,17,0
573,1,1,0,0,0,0,2,0,0,5,2,36,26,1
574,1,3,1,0,0,2,0,1,0,2,0,63,7,1
575,0,3,0,0,0,0,0,0,0,1,1,48,8,1
576,0,3,0,0,0,0,0,0,0,1,1,57,14,1
577,1,2,1,0,0,0,0,1,0,5,1,68,13,1
578,1,1,1,1,0,0,2,2,1,5,3,39,27,0
579,0,3,1,1,0,1,0,2,1,5,1,114,7,0
580,1,3,0,0,0,0,0,0,0,4,0,96,7,1
581,1,2,1,1,1,0,0,1,2,3,2,50,10,0
582,1,1,1,1,1,1,1,2,2,5,3,39,36,0
583,0,2,0,0,0,0,0,0,0,6,2,108,26,1
584,0,1,0,0,0,1,5,0,0,5,3,36,40,1
585,0,3,0,0,0,1,0,0,0,4,1,96,8,1
586,1,1,1,0,2,0,2,1,2,1,3,18,26,0
587,0,2,0,0,0,0,0,0,0,6,2,94,15,1
588,1,1,0,1,1,1,6,0,2,6,3,60,26,0
589,0,3,0,0,0,0,0,0,0,2,1,66,8,1
590,0,3,0,0,0,0,0,0,0,4,1,96,8,1
591,0,3,0,0,0,0,0,0,0,5,0,105,7,1
592,1,1,1,1,0,1,4,2,1,6,3,52,39,0
593,0,3,0,0,0,0,0,0,0,6,0,141,7,1
594,0,3,1,0,2,2,0,1,2,2,0,63,2,0
595,0,2,0,1,0,0,0,0,1,5,2,74,13,0
596,0,3,0,1,1,0,0,0,2,5,2,108,8,0
597,1,2,1,0,0,0,0,1,0,2,3,42,33,1
598,0,3,0,0,0,0,0,0,0,6,0,147,0,1
599,0,3,0,0,0,1,0,0,0,4,0,96,7,1
600,1,1,0,1,0,1,5,0,1,6,3,49,28,0
601,1,2,1,2,1,0,0,2,3,2,2,48,6,0
602,0,3,0,0,0,0,0,0,0,4,0,96,7,1
603,0,1,0,0,0,0,0,0,0,4,3,32,42,1
604,0,3,0,0,0,0,0,0,0,6,1,132,8,1
605,1,1,0,0,0,1,0,0,0,5,2,35,26,1
606,0,3,0,1,0,0,0,0,1,5,2,108,7,0
607,0,3,0,0,0,0,0,0,0,3,0,90,7,1
608,1,1,0,0,0,0,0,0,0,3,2,27,30,1
609,1,2,1,1,2,1,0,2,3,2,3,44,10,0
610,1,1,1,0,0,0,1,1,0,5,3,40,153,1
611,0,3,1,1,5,0,0,2,6,5,2,117,4,0
612,0,3,0,0,0,0,0,0,0,4,0,96,7,1
613,1,3,1,1,0,2,0,1,1,2,2,63,7,0
614,0,3,0,0,0,2,0,0,0,4,0,96,7,1
615,0,3,0,0,0,0,0,0,0,5,1,105,8,1
616,1,2,1,1,2,0,0,1,3,2,3,48,16,0
617,0,3,0,1,1,0,0,0,2,5,1,102,4,0
618,0,3,1,1,0,0,0,2,1,3,2,78,8,0
619,1,2,1,2,1,0,7,1,3,0,3,8,9,0
620,0,2,0,0,0,0,0,0,0,3,1,52,10,1
621,0,3,0,1,0,1,0,0,1,3,1,81,7,0
622,1,1,0,1,0,0,4,0,1,6,3,42,26,0
623,1,3,0,1,1,1,0,0,2,1,2,60,5,0
624,0,3,0,0,0,0,0,0,0,2,0,63,7,1
625,0,3,0,0,0,0,0,0,0,2,2,63,16,1
626,0,1,0,0,0,0,4,0,0,6,3,61,32,1
627,0,2,0,0,0,2,0,4,0,6,1,114,12,1
628,1,1,1,0,0,0,4,1,0,2,3,21,77,1
629,0,3,0,0,0,0,0,0,0,3,0,78,7,1
630,0,3,0,0,0,2,0,0,0,4,0,96,7,1
631,1,1,0,0,0,0,5,0,0,7,2,80,30,1
632,0,3,0,0,0,0,0,0,0,6,0,153,7,1
633,1,1,0,0,0,1,6,4,0,4,2,32,30,1
634,0,1,0,0,0,0,0,0,0,4,0,32,0,1
635,0,3,1,3,2,0,0,1,5,0,2,27,4,0
636,1,2,1,0,0,0,0,1,0,3,1,56,13,1
637,0,3,0,0,0,0,0,0,0,4,0,96,7,1
638,0,2,0,1,1,0,0,0,2,4,2,62,8,0
639,0,3,1,0,5,0,0,2,5,6,3,123,6,0
640,0,3,0,1,0,0,0,0,1,4,2,96,8,0
641,0,3,0,0,0,0,0,0,0,1,0,60,7,1
642,1,1,1,0,0,1,6,1,0,2,3,24,69,1
643,0,3,1,3,2,0,0,1,5,0,2,6,4,0
644,1,3,0,0,0,0,0,0,0,4,3,96,56,1
645,1,3,1,2,1,1,0,1,3,0,2,0,4,0
646,1,1,0,1,0,1,4,0,1,6,3,48,38,0
647,0,3,0,0,0,0,0,0,0,1,0,57,7,1
648,1,1,0,0,0,1,5,4,0,6,3,56,35,1
649,0,3,0,0,0,0,0,0,0,4,0,96,7,1
650,1,3,1,0,0,0,0,1,0,2,0,69,7,1
651,0,3,0,0,0,0,0,0,0,4,0,96,7,1
652,1,2,1,0,1,0,0,1,1,1,2,36,11,0
653,0,3,0,0,0,0,0,0,0,2,1,63,8,1
654,1,3,1,0,0,2,0,1,0,2,0,63,7,1
655,0,3,1,0,0,2,0,1,0,1,0,54,6,1
656,0,2,0,2,0,0,0,0,2,2,3,48,24,0
657,0,3,0,0,0,0,0,0,0,4,0,96,7,1
658,0,3,1,1,1,2,0,2,2,4,2,96,5,0
659,0,2,0,0,0,0,0,0,0,2,1,46,13,1
660,0,1,0,0,2,1,4,0,2,6,3,58,37,0
661,1,1,0,2,0,0,0,4,2,6,3,50,44,0
662,0,3,0,0,0,1,0,0,0,5,0,120,7,1
663,0,1,0,0,0,0,2,0,0,6,2,47,25,1
664,0,3,0,0,0,0,0,0,0,5,0,108,7,1
665,1,3,0,1,0,0,0,0,1,1,0,60,3,0
666,0,2,0,2,0,0,0,0,2,4,3,64,24,0
667,0,2,0,0,0,0,0,0,0,3,1,50,13,1
668,0,3,0,0,0,0,0,0,0,4,0,96,7,1
669,0,3,0,0,0,0,0,0,0,6,1,129,8,1
670,1,1,1,1,0,0,1,2,1,5,3,38,26,0
671,1,2,1,1,1,0,0,2,2,5,3,80,13,0
672,0,1,0,1,0,0,6,0,1,4,3,31,26,0
673,0,2,0,0,0,0,0,0,0,7,1,140,10,1
674,1,2,0,0,0,0,0,0,0,4,1,62,13,1
675,0,2,0,0,0,0,0,0,0,4,0,64,0,1
676,0,3,0,0,0,0,0,0,0,1,0,54,7,1
677,0,3,0,0,0,0,0,0,0,2,1,72,8,1
678,1,3,1,0,0,0,0,1,0,1,1,54,9,1
679,0,3,1,1,6,0,0,2,7,6,3,129,5,0
680,1,1,0,0,1,1,6,0,1,5,3,36,256,0
681,0,3,1,0,0,2,0,1,0,2,1,63,8,1
682,1,1,0,0,0,1,4,0,0,3,3,27,76,1
683,0,3,0,0,0,0,0,0,0,1,1,60,9,1
684,0,3,0,5,2,0,0,0,7,1,3,42,5,0
685,0,2,0,1,1,0,0,0,2,6,3,120,13,0
686,0,2,0,1,2,1,0,0,3,3,3,50,10,0
687,0,3,0,4,1,0,0,0,5,1,3,42,6,0
688,0,3,0,0,0,0,0,0,0,1,1,57,10,1
689,0,3,0,0,0,0,0,0,0,1,0,54,7,1
690,1,1,1,0,1,0,6,1,1,1,3,15,105,0
691,1,1,0,1,0,0,6,0,1,4,3,31,28,0
692,1,3,1,0,1,1,0,1,1,0,1,12,6,0
693,1,3,0,0,0,0,0,0,0,4,3,96,56,1
694,0,3,0,0,0,1,0,0,0,3,0,75,7,1
695,0,1,0,0,0,0,0,4,0,6,2,60,26,1
696,0,2,0,0,0,0,0,0,0,6,1,104,13,1
697,0,3,0,0,0,0,0,0,0,6,1,132,8,1
698,1,3,1,0,0,2,0,1,0,2,0,63,7,1
699,0,1,0,1,1,1,1,0,2,6,3,49,36,0
700,0,3,0,0,0,0,7,0,0,6,0,126,7,1
701,1,1,1,1,0,1,1,2,1,1,3,18,113,0
702,1,1,0,0,0,0,2,0,0,5,2,35,26,1
703,0,3,1,0,1,1,0,1,1,1,1,54,7,0
704,0,3,0,0,0,2,0,0,0,3,0,75,7,1
705,0,3,0,1,0,0,0,0,1,3,0,78,3,0
706,0,2,0,0,0,0,0,0,0,5,2,78,26,1
707,1,2,1,0,0,0,0,2,0,6,1,90,13,1
708,1,1,0,0,0,0,2,0,0,6,2,42,26,1
709,1,1,1,0,0,0,0,1,0,2,3,22,151,1
710,1,3,0,1,1,1,0,3,2,0,2,21,5,0
711,1,1,1,0,0,1,1,2,0,2,3,24,49,1
712,0,1,0,0,0,0,1,0,0,4,2,32,26,1
713,1,1,0,1,0,0,1,0,1,6,3,48,26,0
714,0,3,0,0,0,0,0,0,0,3,1,87,9,1
715,0,2,0,0,0,0,0,0,0,6,1,104,13,1
716,0,3,0,0,0,0,7,0,0,1,0,57,7,1
717,1,1,1,0,0,1,1,1,0,5,3,38,227,1
718,1,2,1,0,0,0,2,1,0,3,1,54,10,1
719,0,3,0,0,0,2,0,0,0,4,2,96,15,1
720,0,3,0,0,0,0,0,0,0,5,0,99,7,1
721,1,2,1,0,1,0,0,1,1,0,3,12,16,0
722,0,3,0,1,0,0,0,0,1,1,0,51,3,0
723,0,2,0,0,0,0,0,0,0,5,1,68,13,1
724,0,2,0,0,0,0,0,0,0,6,1,100,13,1
725,1,1,0,1,0,0,2,0,1,3,3,27,26,0
726,0,3,0,0,0,0,0,0,0,1,1,60,8,1
727,1,2,1,3,0,0,0,2,3,3,2,60,5,0
728,1,3,1,0,0,2,0,1,0,2,0,63,7,1
729,0,2,0,1,0,0,0,0,1,3,2,50,13,0
730,0,3,1,1,0,0,0,1,1,3,0,75,3,0
731,1,1,1,0,0,0,6,1,0,3,3,29,211,1
732,0,3,0,0,0,1,0,0,0,0,2,33,18,1
733,0,2,0,0,0,0,0,0,0,4,0,64,0,1
734,0,2,0,0,0,0,0,0,0,2,1,46,13,1
735,0,2,0,0,0,0,0,0,0,2,1,46,13,1
736,0,3,0,0,0,0,0,0,0,3,2,84,16,1
737,0,3,1,1,3,0,0,2,4,6,3,144,6,0
738,1,1,0,0,0,1,6,0,0,5,3,35,512,1
739,0,3,0,0,0,0,0,0,0,4,0,96,7,1
740,0,3,0,0,0,0,0,0,0,4,0,96,7,1
741,1,1,0,0,0,0,4,0,0,4,2,32,30,1
742,0,1,0,1,0,0,1,0,1,5,3,36,39,0
743,1,1,1,2,2,1,6,1,4,2,3,21,52,0
744,0,3,0,1,0,0,0,0,1,2,2,72,8,0
745,1,3,0,0,0,0,0,0,0,4,0,93,7,1
746,0,1,0,1,1,0,6,4,2,7,3,70,23,0
747,0,3,0,1,1,0,0,0,2,1,2,48,6,0
748,1,2,1,0,0,0,0,1,0,3,1,60,13,1
749,0,1,0,1,0,0,4,0,1,1,3,19,26,0
750,0,3,0,0,0,2,0,0,0,4,0,93,7,1
751,1,2,1,1,1,0,0,1,2,0,2,8,7,0
752,1,3,0,0,1,0,2,3,1,0,1,18,6,0
753,0,3,0,0,0,0,0,0,0,5,1,99,9,1
754,0,3,0,0,0,0,0,0,0,2,0,69,7,1
755,1,2,1,1,2,0,0,2,3,6,3,96,16,0
756,1,2,0,1,1,0,0,3,2,0,1,0,4,0
757,0,3,0,0,0,0,0,0,0,3,0,84,7,1
758,0,2,0,0,0,0,0,0,0,1,1,36,11,1
759,0,3,0,0,0,0,0,0,0,5,1,102,8,1
760,1,1,1,0,0,0,6,4,0,5,3,33,86,1
761,0,3,0,0,0,0,0,0,0,4,1,96,14,1
762,0,3,0,0,0,0,0,0,0,6,0,123,7,1
763,1,3,0,0,0,1,0,0,0,1,0,60,7,1
764,1,1,1,1,2,0,6,2,3,5,3,36,30,0
765,0,3,0,0,0,0,0,0,0,1,0,48,7,1
766,1,1,1,1,0,0,4,2,1,6,3,51,38,0
767,0,1,0,0,0,1,0,4,0,6,3,44,39,1
768,0,3,1,0,0,2,0,1,0,3,0,90,7,1
769,0,3,0,1,0,2,0,0,1,4,2,96,12,0
770,0,3,0,0,0,0,0,0,0,4,1,96,8,1
771,0,3,0,0,0,0,0,0,0,2,1,72,9,1
772,0,3,0,0,0,0,0,0,0,6,0,144,7,1
773,0,2,1,0,0,0,2,2,0,6,1,114,10,1
774,0,3,0,0,0,1,0,0,0,4,0,96,7,1
775,1,2,1,1,3,0,0,2,4,6,2,108,4,0
776,0,3,0,0,0,0,0,0,0,1,0,54,7,1
777,0,3,0,0,0,2,7,0,0,4,0,96,7,1
778,1,3,1,0,0,0,0,1,0,0,1,15,12,1
779,0,3,0,0,0,2,0,0,0,4,0,96,7,1
780,1,1,1,0,1,0,6,2,1,6,3,43,105,0
781,1,3,1,0,0,1,0,1,0,1,0,39,7,1
782,1,1,1,1,0,0,6,2,1,1,3,17,28,0
783,0,1,0,0,0,0,4,0,0,3,2,29,30,1
784,0,3,0,1,2,0,0,0,3,4,2,96,5,0
785,0,3,0,0,0,0,0,0,0,3,0,75,7,1
786,0,3,0,0,0,0,0,0,0,3,0,75,7,1
787,1,3,1,0,0,0,0,1,0,1,0,54,7,1
788,0,3,0,4,1,2,0,3,5,0,2,24,4,0
789,1,3,0,1,2,0,0,3,3,0,2,3,5,0
790,0,1,0,0,0,1,6,0,0,6,3,46,79,1
791,0,3,0,0,0,2,0,0,0,4,0,96,7,1
792,0,2,0,0,0,0,0,0,0,1,2,32,26,1
793,0,3,1,8,2,0,0,1,10,2,3,63,6,0
794,0,1,0,0,0,1,0,0,0,4,2,32,30,1
795,0,3,0,0,0,0,0,0,0,3,0,75,7,1
796,0,2,0,0,0,0,0,0,0,5,1,78,13,1
797,1,1,1,0,0,0,4,4,0,6,2,49,25,1
798,1,3,1,0,0,0,0,2,0,4,1,93,8,1
799,0,3,0,0,0,1,0,0,0,3,0,90,7,1
800,0,3,1,1,1,0,0,2,2,3,2,90,8,0
801,0,2,0,0,0,0,0,0,0,5,1,68,13,1
802,1,2,1,1,1,0,0,2,2,4,2,62,8,0
803,1,1,0,1,2,0,6,3,3,0,3,11,30,0
804,1,3,0,0,1,1,0,3,1,0,1,0,4,0
805,1,3,0,0,0,0,0,0,0,3,0,81,6,1
806,0,3,0,0,0,0,0,0,0,4,0,93,7,1
807,0,1,0,0,0,0,5,0,0,5,0,39,0,1
808,0,3,1,0,0,0,0,1,0,1,0,54,7,1
809,0,2,0,0,0,0,0,0,0,5,1,78,13,1
810,1,1,1,1,0,0,2,2,1,5,3,33,26,0
811,0,3,0,0,0,0,0,0,0,3,0,78,7,1
812,0,3,0,0,0,0,0,0,0,5,2,117,24,1
813,0,2,0,0,0,0,0,0,0,5,1,70,10,1
814,0,3,1,4,2,0,0,1,6,0,2,18,4,0
815,0,3,0,0,0,0,0,0,0,3,1,90,8,1
816,0,1,0,0,0,0,6,0,0,4,0,32,0,1
817,0,3,1,0,0,0,0,1,0,2,0,69,7,1
818,0,2,0,1,1,1,0,0,2,4,3,62,12,0
819,0,3,0,0,0,0,0,0,0,6,0,129,6,1
820,0,3,0,3,2,0,0,3,5,0,2,30,4,0
821,1,1,1,1,1,0,6,2,2,6,3,52,31,0
822,1,3,0,0,0,0,0,0,0,3,1,81,8,1
823,0,1,0,0,0,0,0,4,0,5,0,38,0,1
824,1,3,1,0,1,0,2,2,1,3,1,81,6,0
825,0,3,0,4,1,0,0,3,5,0,3,6,6,0
826,0,3,0,0,0,2,0,0,0,4,0,96,6,1
827,0,3,0,0,0,0,0,0,0,4,3,96,56,1
828,1,2,0,0,2,1,0,3,2,0,3,2,12,0
829,1,3,0,0,0,2,0,0,0,4,0,96,7,1
830,1,1,1,0,0,2,6,2,0,6,3,62,80,1
831,1,3,1,1,0,1,0,2,1,1,1,45,7,0
832,1,2,0,1,1,0,0,3,2,0,2,0,6,0
833,0,3,0,0,0,1,0,0,0,4,0,96,7,1
834,0,3,0,0,0,0,0,0,0,2,0,69,7,1
835,0,3,0,0,0,0,0,0,0,1,1,54,8,1
836,1,1,1,1,1,1,2,1,2,5,3,39,27,0
837,0,3,0,0,0,0,0,0,0,2,1,63,8,1
838,0,3,0,0,0,0,0,0,0,4,1,96,8,1
839,1,3,0,0,0,0,0,0,0,4,3,96,56,1
840,1,1,0,0,0,1,1,0,0,4,2,32,29,1
841,0,3,0,0,0,0,0,0,0,1,0,60,7,1
842,0,2,0,0,0,0,0,0,0,1,1,32,10,1
843,1,1,1,0,0,1,0,1,0,3,2,30,31,1
844,0,3,0,0,0,1,0,0,0,5,0,102,6,1
845,0,3,0,0,0,0,0,0,0,1,1,51,8,1
846,0,3,0,0,0,0,0,0,0,6,0,126,7,1
847,0,3,0,8,2,0,0,0,10,4,3,96,6,0
848,0,3,0,0,0,1,0,0,0,5,0,105,7,1
849,0,2,0,0,1,0,0,4,1,3,3,56,16,0
850,1,1,1,1,0,1,1,2,1,5,3,38,44,0
851,0,3,0,4,2,0,0,3,6,0,2,12,4,0
852,0,3,0,0,0,0,0,0,0,7,0,222,7,1
853,0,3,1,1,1,1,0,1,2,0,2,27,5,0
854,1,1,1,0,1,0,4,1,1,1,3,16,19,0
855,0,2,1,1,0,0,0,2,1,6,2,88,13,0
856,1,3,1,0,1,0,0,2,1,1,1,54,4,0
857,1,1,1,1,1,0,0,2,2,6,3,45,54,0
858,1,1,0,0,0,0,2,0,0,6,2,51,26,1
859,1,3,1,0,3,1,0,2,3,2,2,72,4,0
860,0,3,0,0,0,1,0,0,0,4,0,96,7,1
861,0,3,0,2,0,0,0,0,2,6,1,123,4,0
862,0,2,0,1,0,0,0,0,1,2,1,42,5,0
863,1,1,1,0,0,0,4,2,0,6,2,48,25,1
864,0,3,1,8,2,0,0,1,10,2,3,63,6,0
865,0,2,0,0,0,0,0,0,0,2,1,48,13,1
866,1,2,1,0,0,0,0,2,0,6,1,84,13,1
867,1,2,1,1,0,1,0,1,1,3,1,54,6,0
868,0,1,0,0,0,0,5,0,0,4,3,31,50,1
869,0,3,0,0,0,0,0,0,0,4,1,96,9,1
870,1,3,0,1,1,0,0,3,2,0,1,12,3,0
871,0,3,0,0,0,0,0,0,0,3,0,78,7,1
872,1,1,1,1,1,0,4,2,2,6,3,47,17,0
873,0,1,0,0,0,0,6,0,0,5,0,33,5,1
874,0,3,0,0,0,0,0,0,0,6,1,141,9,1
875,1,2,1,1,0,1,0,2,1,3,2,56,12,0
876,1,3,1,0,0,1,0,1,0,1,0,45,7,1
877,0,3,0,0,0,0,0,0,0,1,1,60,9,1
878,0,3,0,0,0,0,0,0,0,1,0,57,7,1
879,0,3,0,0,0,0,0,0,0,4,0,96,7,1
880,1,1,1,0,1,1,1,2,1,6,3,56,41,0
881,1,2,1,0,1,0,0,2,1,3,2,50,13,0
882,0,3,0,0,0,0,0,0,0,5,0,99,7,1
883,0,3,1,0,0,0,0,1,0,2,1,66,10,1
884,0,2,0,0,0,0,0,0,0,3,1,56,10,1
885,0,3,0,0,0,0,0,0,0,3,0,75,7,1
886,0,3,1,0,5,2,0,2,5,5,2,117,4,0
887,0,2,0,0,0,0,0,4,0,3,1,54,13,1
888,1,1,1,0,0,0,6,1,0,1,2,19,30,1
889,0,3,1,1,2,0,0,1,3,2,2,63,5,0
890,1,1,0,0,0,1,1,0,0,3,2,26,30,1
891,0,3,0,0,0,2,0,0,0,4,0,96,7,1
